{
    "micro_IoU": 0.9359281659126282,
    "micro_Precision": 0.966903805732727,
    "micro_Recall": 0.966903805732727,
    "micro_F1-score": 0.966903805732727,
    "MACRO_IoU": 0.9092156291007996,
    "MACRO_Precision": 0.9643990993499756,
    "MACRO_Recall": 0.9403038620948792,
    "MACRO_F1-score": 0.9514670372009277,
    "Accuracy": 0.966903805732727
}