{
    "1": {
        "train_accuracy": 84.60870361328125,
        "train_loss": 0.4221362017946586,
        "train_IoU": 66.08187103271484,
        "train_epoch_time": 202.91600584983826,
        "val_accuracy": 93.71065521240234,
        "val_loss": 0.17270108243184426,
        "val_IoU": 82.9478530883789,
        "val_epoch_time": 21.641268253326416
    },
    "2": {
        "train_accuracy": 95.05484771728516,
        "train_loss": 0.12879989312163415,
        "train_IoU": 88.54289245605469,
        "train_epoch_time": 203.56203055381775,
        "val_accuracy": 95.55690002441406,
        "val_loss": 0.11147949692926237,
        "val_IoU": 87.23685455322266,
        "val_epoch_time": 21.72932243347168
    },
    "3": {
        "train_accuracy": 96.11476135253906,
        "train_loss": 0.09826774296483826,
        "train_IoU": 90.64107513427734,
        "train_epoch_time": 203.5479130744934,
        "val_accuracy": 96.80731964111328,
        "val_loss": 0.0805686892276364,
        "val_IoU": 89.46663665771484,
        "val_epoch_time": 21.593314170837402
    },
    "4": {
        "train_accuracy": 96.89788818359375,
        "train_loss": 0.07774154006370482,
        "train_IoU": 92.20500946044922,
        "train_epoch_time": 203.4658715724945,
        "val_accuracy": 97.52469635009766,
        "val_loss": 0.06236424327694944,
        "val_IoU": 91.36237335205078,
        "val_epoch_time": 21.55112099647522
    },
    "5": {
        "train_accuracy": 97.33340454101562,
        "train_loss": 0.0667947674090309,
        "train_IoU": 93.01358795166016,
        "train_epoch_time": 203.45276641845703,
        "val_accuracy": 97.26449584960938,
        "val_loss": 0.06994627608385465,
        "val_IoU": 89.2710189819336,
        "val_epoch_time": 21.862099647521973
    }
}